<?xml version="1.0" encoding="UTF-8"?>
<ehcache xmlns:xsi="http://www.w3.org/2001/XMLSchema-instance"
	xsi:noNamespaceSchemaLocation="ehcache.xsd" updateCheck="true"
	monitoring="autodetect" dynamicConfig="true">

	<diskStore path="java.io.tmpdir" />

<!-- 	<cache name="blobCache" maxEntriesLocalHeap="10000" -->
<!-- 		maxEntriesLocalDisk="1000" eternal="false" diskSpoolBufferSizeMB="20" -->
<!-- 		timeToIdleSeconds="300" timeToLiveSeconds="600" -->
<!-- 		memoryStoreEvictionPolicy="LFU" transactionalMode="off"> -->
<!-- 		<persistence strategy="localTempSwap" /> -->
<!-- 	</cache> -->

	<cache name="matchesCache" maxEntriesLocalHeap="1000"
		maxEntriesLocalDisk="1000" eternal="false" diskSpoolBufferSizeMB="20"
		timeToIdleSeconds="300" timeToLiveSeconds="600"
		memoryStoreEvictionPolicy="LFU" transactionalMode="off">
		<persistence strategy="localTempSwap" />
	</cache>
	
<!-- 	<cache name="leaderboardCache" maxEntriesLocalHeap="10000" -->
<!-- 		maxEntriesLocalDisk="1000" eternal="false" diskSpoolBufferSizeMB="20" -->
<!-- 		timeToIdleSeconds="300" timeToLiveSeconds="600" -->
<!-- 		memoryStoreEvictionPolicy="LFU" transactionalMode="off"> -->
<!-- 		<persistence strategy="localTempSwap" /> -->
<!-- 	</cache> -->
	
<!-- 	<cache name="betsCache" maxEntriesLocalHeap="10000" -->
<!-- 		maxEntriesLocalDisk="1000" eternal="false" diskSpoolBufferSizeMB="20" -->
<!-- 		timeToIdleSeconds="300" timeToLiveSeconds="600" -->
<!-- 		memoryStoreEvictionPolicy="LFU" transactionalMode="off"> -->
<!-- 		<persistence strategy="localTempSwap" /> -->
<!-- 	</cache> -->

</ehcache>